text,sentiment,sentiment_3class
"Film magnifique, j'ai ador√© ! Les acteurs sont excellents.",2,2
"Une merveille du cin√©ma, √† voir absolument ! üòç",2,2
Quel chef-d'≈ìuvre ! Je suis sorti de la salle √©merveill√©.,2,2
"Excellente r√©alisation, sc√©nario captivant du d√©but √† la fin.",2,2
Bravo ! Un film qui restera dans les m√©moires.,2,2
"Film magnifique, j'ai ador√© ! Les acteurs sont excellents.",2,2
"Une merveille du cin√©ma, √† voir absolument ! üòç",2,2
Quel chef-d'≈ìuvre ! Je suis sorti de la salle √©merveill√©.,2,2
"Excellente r√©alisation, sc√©nario captivant du d√©but √† la fin.",2,2
Bravo ! Un film qui restera dans les m√©moires.,2,2
"Film magnifique, j'ai ador√© ! Les acteurs sont excellents.",2,2
"Une merveille du cin√©ma, √† voir absolument ! üòç",2,2
Quel chef-d'≈ìuvre ! Je suis sorti de la salle √©merveill√©.,2,2
"Excellente r√©alisation, sc√©nario captivant du d√©but √† la fin.",2,2
Bravo ! Un film qui restera dans les m√©moires.,2,2
"Film magnifique, j'ai ador√© ! Les acteurs sont excellents.",2,2
"Une merveille du cin√©ma, √† voir absolument ! üòç",2,2
Quel chef-d'≈ìuvre ! Je suis sorti de la salle √©merveill√©.,2,2
"Excellente r√©alisation, sc√©nario captivant du d√©but √† la fin.",2,2
Bravo ! Un film qui restera dans les m√©moires.,2,2
"Film magnifique, j'ai ador√© ! Les acteurs sont excellents.",2,2
"Une merveille du cin√©ma, √† voir absolument ! üòç",2,2
Quel chef-d'≈ìuvre ! Je suis sorti de la salle √©merveill√©.,2,2
"Excellente r√©alisation, sc√©nario captivant du d√©but √† la fin.",2,2
Bravo ! Un film qui restera dans les m√©moires.,2,2
"Film magnifique, j'ai ador√© ! Les acteurs sont excellents.",2,2
"Une merveille du cin√©ma, √† voir absolument ! üòç",2,2
Quel chef-d'≈ìuvre ! Je suis sorti de la salle √©merveill√©.,2,2
"Excellente r√©alisation, sc√©nario captivant du d√©but √† la fin.",2,2
Bravo ! Un film qui restera dans les m√©moires.,2,2
"Film magnifique, j'ai ador√© ! Les acteurs sont excellents.",2,2
"Une merveille du cin√©ma, √† voir absolument ! üòç",2,2
Quel chef-d'≈ìuvre ! Je suis sorti de la salle √©merveill√©.,2,2
"Excellente r√©alisation, sc√©nario captivant du d√©but √† la fin.",2,2
Bravo ! Un film qui restera dans les m√©moires.,2,2
"Film magnifique, j'ai ador√© ! Les acteurs sont excellents.",2,2
"Une merveille du cin√©ma, √† voir absolument ! üòç",2,2
Quel chef-d'≈ìuvre ! Je suis sorti de la salle √©merveill√©.,2,2
"Excellente r√©alisation, sc√©nario captivant du d√©but √† la fin.",2,2
Bravo ! Un film qui restera dans les m√©moires.,2,2
"Film magnifique, j'ai ador√© ! Les acteurs sont excellents.",2,2
"Une merveille du cin√©ma, √† voir absolument ! üòç",2,2
Quel chef-d'≈ìuvre ! Je suis sorti de la salle √©merveill√©.,2,2
"Excellente r√©alisation, sc√©nario captivant du d√©but √† la fin.",2,2
Bravo ! Un film qui restera dans les m√©moires.,2,2
"Film magnifique, j'ai ador√© ! Les acteurs sont excellents.",2,2
"Une merveille du cin√©ma, √† voir absolument ! üòç",2,2
Quel chef-d'≈ìuvre ! Je suis sorti de la salle √©merveill√©.,2,2
"Excellente r√©alisation, sc√©nario captivant du d√©but √† la fin.",2,2
Bravo ! Un film qui restera dans les m√©moires.,2,2
"Film magnifique, j'ai ador√© ! Les acteurs sont excellents.",2,2
"Une merveille du cin√©ma, √† voir absolument ! üòç",2,2
Quel chef-d'≈ìuvre ! Je suis sorti de la salle √©merveill√©.,2,2
"Excellente r√©alisation, sc√©nario captivant du d√©but √† la fin.",2,2
Bravo ! Un film qui restera dans les m√©moires.,2,2
"Film magnifique, j'ai ador√© ! Les acteurs sont excellents.",2,2
"Une merveille du cin√©ma, √† voir absolument ! üòç",2,2
Quel chef-d'≈ìuvre ! Je suis sorti de la salle √©merveill√©.,2,2
"Excellente r√©alisation, sc√©nario captivant du d√©but √† la fin.",2,2
Bravo ! Un film qui restera dans les m√©moires.,2,2
"Film magnifique, j'ai ador√© ! Les acteurs sont excellents.",2,2
"Une merveille du cin√©ma, √† voir absolument ! üòç",2,2
Quel chef-d'≈ìuvre ! Je suis sorti de la salle √©merveill√©.,2,2
"Excellente r√©alisation, sc√©nario captivant du d√©but √† la fin.",2,2
Bravo ! Un film qui restera dans les m√©moires.,2,2
"Film magnifique, j'ai ador√© ! Les acteurs sont excellents.",2,2
"Une merveille du cin√©ma, √† voir absolument ! üòç",2,2
Quel chef-d'≈ìuvre ! Je suis sorti de la salle √©merveill√©.,2,2
"Excellente r√©alisation, sc√©nario captivant du d√©but √† la fin.",2,2
Bravo ! Un film qui restera dans les m√©moires.,2,2
"Film magnifique, j'ai ador√© ! Les acteurs sont excellents.",2,2
"Une merveille du cin√©ma, √† voir absolument ! üòç",2,2
Quel chef-d'≈ìuvre ! Je suis sorti de la salle √©merveill√©.,2,2
"Excellente r√©alisation, sc√©nario captivant du d√©but √† la fin.",2,2
Bravo ! Un film qui restera dans les m√©moires.,2,2
"Film magnifique, j'ai ador√© ! Les acteurs sont excellents.",2,2
"Une merveille du cin√©ma, √† voir absolument ! üòç",2,2
Quel chef-d'≈ìuvre ! Je suis sorti de la salle √©merveill√©.,2,2
"Excellente r√©alisation, sc√©nario captivant du d√©but √† la fin.",2,2
Bravo ! Un film qui restera dans les m√©moires.,2,2
"Film magnifique, j'ai ador√© ! Les acteurs sont excellents.",2,2
"Une merveille du cin√©ma, √† voir absolument ! üòç",2,2
Quel chef-d'≈ìuvre ! Je suis sorti de la salle √©merveill√©.,2,2
"Excellente r√©alisation, sc√©nario captivant du d√©but √† la fin.",2,2
Bravo ! Un film qui restera dans les m√©moires.,2,2
"Film magnifique, j'ai ador√© ! Les acteurs sont excellents.",2,2
"Une merveille du cin√©ma, √† voir absolument ! üòç",2,2
Quel chef-d'≈ìuvre ! Je suis sorti de la salle √©merveill√©.,2,2
"Excellente r√©alisation, sc√©nario captivant du d√©but √† la fin.",2,2
Bravo ! Un film qui restera dans les m√©moires.,2,2
"Film magnifique, j'ai ador√© ! Les acteurs sont excellents.",2,2
"Une merveille du cin√©ma, √† voir absolument ! üòç",2,2
Quel chef-d'≈ìuvre ! Je suis sorti de la salle √©merveill√©.,2,2
"Excellente r√©alisation, sc√©nario captivant du d√©but √† la fin.",2,2
Bravo ! Un film qui restera dans les m√©moires.,2,2
"Film magnifique, j'ai ador√© ! Les acteurs sont excellents.",2,2
"Une merveille du cin√©ma, √† voir absolument ! üòç",2,2
Quel chef-d'≈ìuvre ! Je suis sorti de la salle √©merveill√©.,2,2
"Excellente r√©alisation, sc√©nario captivant du d√©but √† la fin.",2,2
Bravo ! Un film qui restera dans les m√©moires.,2,2
"Film magnifique, j'ai ador√© ! Les acteurs sont excellents.",2,2
"Une merveille du cin√©ma, √† voir absolument ! üòç",2,2
Quel chef-d'≈ìuvre ! Je suis sorti de la salle √©merveill√©.,2,2
"Excellente r√©alisation, sc√©nario captivant du d√©but √† la fin.",2,2
Bravo ! Un film qui restera dans les m√©moires.,2,2
"Film magnifique, j'ai ador√© ! Les acteurs sont excellents.",2,2
"Une merveille du cin√©ma, √† voir absolument ! üòç",2,2
Quel chef-d'≈ìuvre ! Je suis sorti de la salle √©merveill√©.,2,2
"Excellente r√©alisation, sc√©nario captivant du d√©but √† la fin.",2,2
Bravo ! Un film qui restera dans les m√©moires.,2,2
"Film magnifique, j'ai ador√© ! Les acteurs sont excellents.",2,2
"Une merveille du cin√©ma, √† voir absolument ! üòç",2,2
Quel chef-d'≈ìuvre ! Je suis sorti de la salle √©merveill√©.,2,2
"Excellente r√©alisation, sc√©nario captivant du d√©but √† la fin.",2,2
Bravo ! Un film qui restera dans les m√©moires.,2,2
"Film magnifique, j'ai ador√© ! Les acteurs sont excellents.",2,2
"Une merveille du cin√©ma, √† voir absolument ! üòç",2,2
Quel chef-d'≈ìuvre ! Je suis sorti de la salle √©merveill√©.,2,2
"Excellente r√©alisation, sc√©nario captivant du d√©but √† la fin.",2,2
Bravo ! Un film qui restera dans les m√©moires.,2,2
"Film magnifique, j'ai ador√© ! Les acteurs sont excellents.",2,2
"Une merveille du cin√©ma, √† voir absolument ! üòç",2,2
Quel chef-d'≈ìuvre ! Je suis sorti de la salle √©merveill√©.,2,2
"Excellente r√©alisation, sc√©nario captivant du d√©but √† la fin.",2,2
Bravo ! Un film qui restera dans les m√©moires.,2,2
"Film magnifique, j'ai ador√© ! Les acteurs sont excellents.",2,2
"Une merveille du cin√©ma, √† voir absolument ! üòç",2,2
Quel chef-d'≈ìuvre ! Je suis sorti de la salle √©merveill√©.,2,2
"Excellente r√©alisation, sc√©nario captivant du d√©but √† la fin.",2,2
Bravo ! Un film qui restera dans les m√©moires.,2,2
"Film magnifique, j'ai ador√© ! Les acteurs sont excellents.",2,2
"Une merveille du cin√©ma, √† voir absolument ! üòç",2,2
Quel chef-d'≈ìuvre ! Je suis sorti de la salle √©merveill√©.,2,2
"Excellente r√©alisation, sc√©nario captivant du d√©but √† la fin.",2,2
Bravo ! Un film qui restera dans les m√©moires.,2,2
"Film magnifique, j'ai ador√© ! Les acteurs sont excellents.",2,2
"Une merveille du cin√©ma, √† voir absolument ! üòç",2,2
Quel chef-d'≈ìuvre ! Je suis sorti de la salle √©merveill√©.,2,2
"Excellente r√©alisation, sc√©nario captivant du d√©but √† la fin.",2,2
Bravo ! Un film qui restera dans les m√©moires.,2,2
"Film magnifique, j'ai ador√© ! Les acteurs sont excellents.",2,2
"Une merveille du cin√©ma, √† voir absolument ! üòç",2,2
Quel chef-d'≈ìuvre ! Je suis sorti de la salle √©merveill√©.,2,2
"Excellente r√©alisation, sc√©nario captivant du d√©but √† la fin.",2,2
Bravo ! Un film qui restera dans les m√©moires.,2,2
"Film magnifique, j'ai ador√© ! Les acteurs sont excellents.",2,2
"Une merveille du cin√©ma, √† voir absolument ! üòç",2,2
Quel chef-d'≈ìuvre ! Je suis sorti de la salle √©merveill√©.,2,2
"Excellente r√©alisation, sc√©nario captivant du d√©but √† la fin.",2,2
Bravo ! Un film qui restera dans les m√©moires.,2,2
"Film magnifique, j'ai ador√© ! Les acteurs sont excellents.",2,2
"Une merveille du cin√©ma, √† voir absolument ! üòç",2,2
Quel chef-d'≈ìuvre ! Je suis sorti de la salle √©merveill√©.,2,2
"Excellente r√©alisation, sc√©nario captivant du d√©but √† la fin.",2,2
Bravo ! Un film qui restera dans les m√©moires.,2,2
"Film magnifique, j'ai ador√© ! Les acteurs sont excellents.",2,2
"Une merveille du cin√©ma, √† voir absolument ! üòç",2,2
Quel chef-d'≈ìuvre ! Je suis sorti de la salle √©merveill√©.,2,2
"Excellente r√©alisation, sc√©nario captivant du d√©but √† la fin.",2,2
Bravo ! Un film qui restera dans les m√©moires.,2,2
"Film magnifique, j'ai ador√© ! Les acteurs sont excellents.",2,2
"Une merveille du cin√©ma, √† voir absolument ! üòç",2,2
Quel chef-d'≈ìuvre ! Je suis sorti de la salle √©merveill√©.,2,2
"Excellente r√©alisation, sc√©nario captivant du d√©but √† la fin.",2,2
Bravo ! Un film qui restera dans les m√©moires.,2,2
"Film magnifique, j'ai ador√© ! Les acteurs sont excellents.",2,2
"Une merveille du cin√©ma, √† voir absolument ! üòç",2,2
Quel chef-d'≈ìuvre ! Je suis sorti de la salle √©merveill√©.,2,2
"Excellente r√©alisation, sc√©nario captivant du d√©but √† la fin.",2,2
Bravo ! Un film qui restera dans les m√©moires.,2,2
"Film magnifique, j'ai ador√© ! Les acteurs sont excellents.",2,2
"Une merveille du cin√©ma, √† voir absolument ! üòç",2,2
Quel chef-d'≈ìuvre ! Je suis sorti de la salle √©merveill√©.,2,2
"Excellente r√©alisation, sc√©nario captivant du d√©but √† la fin.",2,2
Bravo ! Un film qui restera dans les m√©moires.,2,2
"Film magnifique, j'ai ador√© ! Les acteurs sont excellents.",2,2
"Une merveille du cin√©ma, √† voir absolument ! üòç",2,2
Quel chef-d'≈ìuvre ! Je suis sorti de la salle √©merveill√©.,2,2
"Excellente r√©alisation, sc√©nario captivant du d√©but √† la fin.",2,2
Bravo ! Un film qui restera dans les m√©moires.,2,2
"Film magnifique, j'ai ador√© ! Les acteurs sont excellents.",2,2
"Une merveille du cin√©ma, √† voir absolument ! üòç",2,2
Quel chef-d'≈ìuvre ! Je suis sorti de la salle √©merveill√©.,2,2
"Excellente r√©alisation, sc√©nario captivant du d√©but √† la fin.",2,2
Bravo ! Un film qui restera dans les m√©moires.,2,2
"Film magnifique, j'ai ador√© ! Les acteurs sont excellents.",2,2
"Une merveille du cin√©ma, √† voir absolument ! üòç",2,2
Quel chef-d'≈ìuvre ! Je suis sorti de la salle √©merveill√©.,2,2
"Excellente r√©alisation, sc√©nario captivant du d√©but √† la fin.",2,2
Bravo ! Un film qui restera dans les m√©moires.,2,2
"Film magnifique, j'ai ador√© ! Les acteurs sont excellents.",2,2
"Une merveille du cin√©ma, √† voir absolument ! üòç",2,2
Quel chef-d'≈ìuvre ! Je suis sorti de la salle √©merveill√©.,2,2
"Excellente r√©alisation, sc√©nario captivant du d√©but √† la fin.",2,2
Bravo ! Un film qui restera dans les m√©moires.,2,2
"Film magnifique, j'ai ador√© ! Les acteurs sont excellents.",2,2
"Une merveille du cin√©ma, √† voir absolument ! üòç",2,2
Quel chef-d'≈ìuvre ! Je suis sorti de la salle √©merveill√©.,2,2
"Excellente r√©alisation, sc√©nario captivant du d√©but √† la fin.",2,2
Bravo ! Un film qui restera dans les m√©moires.,2,2
"Film magnifique, j'ai ador√© ! Les acteurs sont excellents.",2,2
"Une merveille du cin√©ma, √† voir absolument ! üòç",2,2
Quel chef-d'≈ìuvre ! Je suis sorti de la salle √©merveill√©.,2,2
"Excellente r√©alisation, sc√©nario captivant du d√©but √† la fin.",2,2
Bravo ! Un film qui restera dans les m√©moires.,2,2
"Film magnifique, j'ai ador√© ! Les acteurs sont excellents.",2,2
"Une merveille du cin√©ma, √† voir absolument ! üòç",2,2
Quel chef-d'≈ìuvre ! Je suis sorti de la salle √©merveill√©.,2,2
"Excellente r√©alisation, sc√©nario captivant du d√©but √† la fin.",2,2
Bravo ! Un film qui restera dans les m√©moires.,2,2
"Film magnifique, j'ai ador√© ! Les acteurs sont excellents.",2,2
"Une merveille du cin√©ma, √† voir absolument ! üòç",2,2
Quel chef-d'≈ìuvre ! Je suis sorti de la salle √©merveill√©.,2,2
"Excellente r√©alisation, sc√©nario captivant du d√©but √† la fin.",2,2
Bravo ! Un film qui restera dans les m√©moires.,2,2
"Film magnifique, j'ai ador√© ! Les acteurs sont excellents.",2,2
"Une merveille du cin√©ma, √† voir absolument ! üòç",2,2
Quel chef-d'≈ìuvre ! Je suis sorti de la salle √©merveill√©.,2,2
"Excellente r√©alisation, sc√©nario captivant du d√©but √† la fin.",2,2
Bravo ! Un film qui restera dans les m√©moires.,2,2
"Film magnifique, j'ai ador√© ! Les acteurs sont excellents.",2,2
"Une merveille du cin√©ma, √† voir absolument ! üòç",2,2
Quel chef-d'≈ìuvre ! Je suis sorti de la salle √©merveill√©.,2,2
"Excellente r√©alisation, sc√©nario captivant du d√©but √† la fin.",2,2
Bravo ! Un film qui restera dans les m√©moires.,2,2
"Film magnifique, j'ai ador√© ! Les acteurs sont excellents.",2,2
"Une merveille du cin√©ma, √† voir absolument ! üòç",2,2
Quel chef-d'≈ìuvre ! Je suis sorti de la salle √©merveill√©.,2,2
"Excellente r√©alisation, sc√©nario captivant du d√©but √† la fin.",2,2
Bravo ! Un film qui restera dans les m√©moires.,2,2
"Film magnifique, j'ai ador√© ! Les acteurs sont excellents.",2,2
"Une merveille du cin√©ma, √† voir absolument ! üòç",2,2
Quel chef-d'≈ìuvre ! Je suis sorti de la salle √©merveill√©.,2,2
"Excellente r√©alisation, sc√©nario captivant du d√©but √† la fin.",2,2
Bravo ! Un film qui restera dans les m√©moires.,2,2
"Film magnifique, j'ai ador√© ! Les acteurs sont excellents.",2,2
"Une merveille du cin√©ma, √† voir absolument ! üòç",2,2
Quel chef-d'≈ìuvre ! Je suis sorti de la salle √©merveill√©.,2,2
"Excellente r√©alisation, sc√©nario captivant du d√©but √† la fin.",2,2
Bravo ! Un film qui restera dans les m√©moires.,2,2
"Film magnifique, j'ai ador√© ! Les acteurs sont excellents.",2,2
"Une merveille du cin√©ma, √† voir absolument ! üòç",2,2
Quel chef-d'≈ìuvre ! Je suis sorti de la salle √©merveill√©.,2,2
"Excellente r√©alisation, sc√©nario captivant du d√©but √† la fin.",2,2
Bravo ! Un film qui restera dans les m√©moires.,2,2
"Film magnifique, j'ai ador√© ! Les acteurs sont excellents.",2,2
"Une merveille du cin√©ma, √† voir absolument ! üòç",2,2
Quel chef-d'≈ìuvre ! Je suis sorti de la salle √©merveill√©.,2,2
"Excellente r√©alisation, sc√©nario captivant du d√©but √† la fin.",2,2
Bravo ! Un film qui restera dans les m√©moires.,2,2
"Film magnifique, j'ai ador√© ! Les acteurs sont excellents.",2,2
"Une merveille du cin√©ma, √† voir absolument ! üòç",2,2
Quel chef-d'≈ìuvre ! Je suis sorti de la salle √©merveill√©.,2,2
"Excellente r√©alisation, sc√©nario captivant du d√©but √† la fin.",2,2
Bravo ! Un film qui restera dans les m√©moires.,2,2
"Film magnifique, j'ai ador√© ! Les acteurs sont excellents.",2,2
"Une merveille du cin√©ma, √† voir absolument ! üòç",2,2
Quel chef-d'≈ìuvre ! Je suis sorti de la salle √©merveill√©.,2,2
"Excellente r√©alisation, sc√©nario captivant du d√©but √† la fin.",2,2
Bravo ! Un film qui restera dans les m√©moires.,2,2
"Film magnifique, j'ai ador√© ! Les acteurs sont excellents.",2,2
"Une merveille du cin√©ma, √† voir absolument ! üòç",2,2
Quel chef-d'≈ìuvre ! Je suis sorti de la salle √©merveill√©.,2,2
"Excellente r√©alisation, sc√©nario captivant du d√©but √† la fin.",2,2
Bravo ! Un film qui restera dans les m√©moires.,2,2
"Film magnifique, j'ai ador√© ! Les acteurs sont excellents.",2,2
"Une merveille du cin√©ma, √† voir absolument ! üòç",2,2
Quel chef-d'≈ìuvre ! Je suis sorti de la salle √©merveill√©.,2,2
"Excellente r√©alisation, sc√©nario captivant du d√©but √† la fin.",2,2
Bravo ! Un film qui restera dans les m√©moires.,2,2
"Film magnifique, j'ai ador√© ! Les acteurs sont excellents.",2,2
"Une merveille du cin√©ma, √† voir absolument ! üòç",2,2
Quel chef-d'≈ìuvre ! Je suis sorti de la salle √©merveill√©.,2,2
"Excellente r√©alisation, sc√©nario captivant du d√©but √† la fin.",2,2
Bravo ! Un film qui restera dans les m√©moires.,2,2
"Film magnifique, j'ai ador√© ! Les acteurs sont excellents.",2,2
"Une merveille du cin√©ma, √† voir absolument ! üòç",2,2
Quel chef-d'≈ìuvre ! Je suis sorti de la salle √©merveill√©.,2,2
"Excellente r√©alisation, sc√©nario captivant du d√©but √† la fin.",2,2
Bravo ! Un film qui restera dans les m√©moires.,2,2
"Film magnifique, j'ai ador√© ! Les acteurs sont excellents.",2,2
"Une merveille du cin√©ma, √† voir absolument ! üòç",2,2
Quel chef-d'≈ìuvre ! Je suis sorti de la salle √©merveill√©.,2,2
"Excellente r√©alisation, sc√©nario captivant du d√©but √† la fin.",2,2
Bravo ! Un film qui restera dans les m√©moires.,2,2
"Film magnifique, j'ai ador√© ! Les acteurs sont excellents.",2,2
"Une merveille du cin√©ma, √† voir absolument ! üòç",2,2
Quel chef-d'≈ìuvre ! Je suis sorti de la salle √©merveill√©.,2,2
"Excellente r√©alisation, sc√©nario captivant du d√©but √† la fin.",2,2
Bravo ! Un film qui restera dans les m√©moires.,2,2
"Film magnifique, j'ai ador√© ! Les acteurs sont excellents.",2,2
"Une merveille du cin√©ma, √† voir absolument ! üòç",2,2
Quel chef-d'≈ìuvre ! Je suis sorti de la salle √©merveill√©.,2,2
"Excellente r√©alisation, sc√©nario captivant du d√©but √† la fin.",2,2
Bravo ! Un film qui restera dans les m√©moires.,2,2
"Film magnifique, j'ai ador√© ! Les acteurs sont excellents.",2,2
"Une merveille du cin√©ma, √† voir absolument ! üòç",2,2
Quel chef-d'≈ìuvre ! Je suis sorti de la salle √©merveill√©.,2,2
"Excellente r√©alisation, sc√©nario captivant du d√©but √† la fin.",2,2
Bravo ! Un film qui restera dans les m√©moires.,2,2
"Film magnifique, j'ai ador√© ! Les acteurs sont excellents.",2,2
"Une merveille du cin√©ma, √† voir absolument ! üòç",2,2
Quel chef-d'≈ìuvre ! Je suis sorti de la salle √©merveill√©.,2,2
"Excellente r√©alisation, sc√©nario captivant du d√©but √† la fin.",2,2
Bravo ! Un film qui restera dans les m√©moires.,2,2
"Film magnifique, j'ai ador√© ! Les acteurs sont excellents.",2,2
"Une merveille du cin√©ma, √† voir absolument ! üòç",2,2
Quel chef-d'≈ìuvre ! Je suis sorti de la salle √©merveill√©.,2,2
"Excellente r√©alisation, sc√©nario captivant du d√©but √† la fin.",2,2
Bravo ! Un film qui restera dans les m√©moires.,2,2
"Film magnifique, j'ai ador√© ! Les acteurs sont excellents.",2,2
"Une merveille du cin√©ma, √† voir absolument ! üòç",2,2
Quel chef-d'≈ìuvre ! Je suis sorti de la salle √©merveill√©.,2,2
"Excellente r√©alisation, sc√©nario captivant du d√©but √† la fin.",2,2
Bravo ! Un film qui restera dans les m√©moires.,2,2
"Film magnifique, j'ai ador√© ! Les acteurs sont excellents.",2,2
"Une merveille du cin√©ma, √† voir absolument ! üòç",2,2
Quel chef-d'≈ìuvre ! Je suis sorti de la salle √©merveill√©.,2,2
"Excellente r√©alisation, sc√©nario captivant du d√©but √† la fin.",2,2
Bravo ! Un film qui restera dans les m√©moires.,2,2
"Film magnifique, j'ai ador√© ! Les acteurs sont excellents.",2,2
"Une merveille du cin√©ma, √† voir absolument ! üòç",2,2
Quel chef-d'≈ìuvre ! Je suis sorti de la salle √©merveill√©.,2,2
"Excellente r√©alisation, sc√©nario captivant du d√©but √† la fin.",2,2
Bravo ! Un film qui restera dans les m√©moires.,2,2
"Film magnifique, j'ai ador√© ! Les acteurs sont excellents.",2,2
"Une merveille du cin√©ma, √† voir absolument ! üòç",2,2
Quel chef-d'≈ìuvre ! Je suis sorti de la salle √©merveill√©.,2,2
"Excellente r√©alisation, sc√©nario captivant du d√©but √† la fin.",2,2
Bravo ! Un film qui restera dans les m√©moires.,2,2
"Film magnifique, j'ai ador√© ! Les acteurs sont excellents.",2,2
"Une merveille du cin√©ma, √† voir absolument ! üòç",2,2
Quel chef-d'≈ìuvre ! Je suis sorti de la salle √©merveill√©.,2,2
"Excellente r√©alisation, sc√©nario captivant du d√©but √† la fin.",2,2
Bravo ! Un film qui restera dans les m√©moires.,2,2
"Film magnifique, j'ai ador√© ! Les acteurs sont excellents.",2,2
"Une merveille du cin√©ma, √† voir absolument ! üòç",2,2
Quel chef-d'≈ìuvre ! Je suis sorti de la salle √©merveill√©.,2,2
"Excellente r√©alisation, sc√©nario captivant du d√©but √† la fin.",2,2
Bravo ! Un film qui restera dans les m√©moires.,2,2
"Film magnifique, j'ai ador√© ! Les acteurs sont excellents.",2,2
"Une merveille du cin√©ma, √† voir absolument ! üòç",2,2
Quel chef-d'≈ìuvre ! Je suis sorti de la salle √©merveill√©.,2,2
"Excellente r√©alisation, sc√©nario captivant du d√©but √† la fin.",2,2
Bravo ! Un film qui restera dans les m√©moires.,2,2
"Film magnifique, j'ai ador√© ! Les acteurs sont excellents.",2,2
"Une merveille du cin√©ma, √† voir absolument ! üòç",2,2
Quel chef-d'≈ìuvre ! Je suis sorti de la salle √©merveill√©.,2,2
"Excellente r√©alisation, sc√©nario captivant du d√©but √† la fin.",2,2
Bravo ! Un film qui restera dans les m√©moires.,2,2
"Film magnifique, j'ai ador√© ! Les acteurs sont excellents.",2,2
"Une merveille du cin√©ma, √† voir absolument ! üòç",2,2
Quel chef-d'≈ìuvre ! Je suis sorti de la salle √©merveill√©.,2,2
"Excellente r√©alisation, sc√©nario captivant du d√©but √† la fin.",2,2
Bravo ! Un film qui restera dans les m√©moires.,2,2
"Film magnifique, j'ai ador√© ! Les acteurs sont excellents.",2,2
"Une merveille du cin√©ma, √† voir absolument ! üòç",2,2
Quel chef-d'≈ìuvre ! Je suis sorti de la salle √©merveill√©.,2,2
"Excellente r√©alisation, sc√©nario captivant du d√©but √† la fin.",2,2
Bravo ! Un film qui restera dans les m√©moires.,2,2
"Film magnifique, j'ai ador√© ! Les acteurs sont excellents.",2,2
"Une merveille du cin√©ma, √† voir absolument ! üòç",2,2
Quel chef-d'≈ìuvre ! Je suis sorti de la salle √©merveill√©.,2,2
"Excellente r√©alisation, sc√©nario captivant du d√©but √† la fin.",2,2
Bravo ! Un film qui restera dans les m√©moires.,2,2
"Film magnifique, j'ai ador√© ! Les acteurs sont excellents.",2,2
"Une merveille du cin√©ma, √† voir absolument ! üòç",2,2
Quel chef-d'≈ìuvre ! Je suis sorti de la salle √©merveill√©.,2,2
"Excellente r√©alisation, sc√©nario captivant du d√©but √† la fin.",2,2
Bravo ! Un film qui restera dans les m√©moires.,2,2
"Film magnifique, j'ai ador√© ! Les acteurs sont excellents.",2,2
"Une merveille du cin√©ma, √† voir absolument ! üòç",2,2
Quel chef-d'≈ìuvre ! Je suis sorti de la salle √©merveill√©.,2,2
"Excellente r√©alisation, sc√©nario captivant du d√©but √† la fin.",2,2
Bravo ! Un film qui restera dans les m√©moires.,2,2
"Film magnifique, j'ai ador√© ! Les acteurs sont excellents.",2,2
"Une merveille du cin√©ma, √† voir absolument ! üòç",2,2
Quel chef-d'≈ìuvre ! Je suis sorti de la salle √©merveill√©.,2,2
"Excellente r√©alisation, sc√©nario captivant du d√©but √† la fin.",2,2
Bravo ! Un film qui restera dans les m√©moires.,2,2
"Film magnifique, j'ai ador√© ! Les acteurs sont excellents.",2,2
"Une merveille du cin√©ma, √† voir absolument ! üòç",2,2
Quel chef-d'≈ìuvre ! Je suis sorti de la salle √©merveill√©.,2,2
"Excellente r√©alisation, sc√©nario captivant du d√©but √† la fin.",2,2
Bravo ! Un film qui restera dans les m√©moires.,2,2
"Film magnifique, j'ai ador√© ! Les acteurs sont excellents.",2,2
"Une merveille du cin√©ma, √† voir absolument ! üòç",2,2
Quel chef-d'≈ìuvre ! Je suis sorti de la salle √©merveill√©.,2,2
"Excellente r√©alisation, sc√©nario captivant du d√©but √† la fin.",2,2
Bravo ! Un film qui restera dans les m√©moires.,2,2
"Film magnifique, j'ai ador√© ! Les acteurs sont excellents.",2,2
"Une merveille du cin√©ma, √† voir absolument ! üòç",2,2
Quel chef-d'≈ìuvre ! Je suis sorti de la salle √©merveill√©.,2,2
"Excellente r√©alisation, sc√©nario captivant du d√©but √† la fin.",2,2
Bravo ! Un film qui restera dans les m√©moires.,2,2
"Film magnifique, j'ai ador√© ! Les acteurs sont excellents.",2,2
"Une merveille du cin√©ma, √† voir absolument ! üòç",2,2
Quel chef-d'≈ìuvre ! Je suis sorti de la salle √©merveill√©.,2,2
"Excellente r√©alisation, sc√©nario captivant du d√©but √† la fin.",2,2
Bravo ! Un film qui restera dans les m√©moires.,2,2
"Film magnifique, j'ai ador√© ! Les acteurs sont excellents.",2,2
"Une merveille du cin√©ma, √† voir absolument ! üòç",2,2
Quel chef-d'≈ìuvre ! Je suis sorti de la salle √©merveill√©.,2,2
"Excellente r√©alisation, sc√©nario captivant du d√©but √† la fin.",2,2
Bravo ! Un film qui restera dans les m√©moires.,2,2
"Film magnifique, j'ai ador√© ! Les acteurs sont excellents.",2,2
"Une merveille du cin√©ma, √† voir absolument ! üòç",2,2
Quel chef-d'≈ìuvre ! Je suis sorti de la salle √©merveill√©.,2,2
"Excellente r√©alisation, sc√©nario captivant du d√©but √† la fin.",2,2
Bravo ! Un film qui restera dans les m√©moires.,2,2
"Film magnifique, j'ai ador√© ! Les acteurs sont excellents.",2,2
"Une merveille du cin√©ma, √† voir absolument ! üòç",2,2
Quel chef-d'≈ìuvre ! Je suis sorti de la salle √©merveill√©.,2,2
"Excellente r√©alisation, sc√©nario captivant du d√©but √† la fin.",2,2
Bravo ! Un film qui restera dans les m√©moires.,2,2
"Film magnifique, j'ai ador√© ! Les acteurs sont excellents.",2,2
"Une merveille du cin√©ma, √† voir absolument ! üòç",2,2
Quel chef-d'≈ìuvre ! Je suis sorti de la salle √©merveill√©.,2,2
"Excellente r√©alisation, sc√©nario captivant du d√©but √† la fin.",2,2
Bravo ! Un film qui restera dans les m√©moires.,2,2
"Film magnifique, j'ai ador√© ! Les acteurs sont excellents.",2,2
"Une merveille du cin√©ma, √† voir absolument ! üòç",2,2
Quel chef-d'≈ìuvre ! Je suis sorti de la salle √©merveill√©.,2,2
"Excellente r√©alisation, sc√©nario captivant du d√©but √† la fin.",2,2
Bravo ! Un film qui restera dans les m√©moires.,2,2
"Film magnifique, j'ai ador√© ! Les acteurs sont excellents.",2,2
"Une merveille du cin√©ma, √† voir absolument ! üòç",2,2
Quel chef-d'≈ìuvre ! Je suis sorti de la salle √©merveill√©.,2,2
"Excellente r√©alisation, sc√©nario captivant du d√©but √† la fin.",2,2
Bravo ! Un film qui restera dans les m√©moires.,2,2
"Film magnifique, j'ai ador√© ! Les acteurs sont excellents.",2,2
"Une merveille du cin√©ma, √† voir absolument ! üòç",2,2
Quel chef-d'≈ìuvre ! Je suis sorti de la salle √©merveill√©.,2,2
"Excellente r√©alisation, sc√©nario captivant du d√©but √† la fin.",2,2
Bravo ! Un film qui restera dans les m√©moires.,2,2
"Film magnifique, j'ai ador√© ! Les acteurs sont excellents.",2,2
"Une merveille du cin√©ma, √† voir absolument ! üòç",2,2
Quel chef-d'≈ìuvre ! Je suis sorti de la salle √©merveill√©.,2,2
"Excellente r√©alisation, sc√©nario captivant du d√©but √† la fin.",2,2
Bravo ! Un film qui restera dans les m√©moires.,2,2
"Film magnifique, j'ai ador√© ! Les acteurs sont excellents.",2,2
"Une merveille du cin√©ma, √† voir absolument ! üòç",2,2
Quel chef-d'≈ìuvre ! Je suis sorti de la salle √©merveill√©.,2,2
"Excellente r√©alisation, sc√©nario captivant du d√©but √† la fin.",2,2
Bravo ! Un film qui restera dans les m√©moires.,2,2
"Film magnifique, j'ai ador√© ! Les acteurs sont excellents.",2,2
"Une merveille du cin√©ma, √† voir absolument ! üòç",2,2
Quel chef-d'≈ìuvre ! Je suis sorti de la salle √©merveill√©.,2,2
"Excellente r√©alisation, sc√©nario captivant du d√©but √† la fin.",2,2
Bravo ! Un film qui restera dans les m√©moires.,2,2
"Film magnifique, j'ai ador√© ! Les acteurs sont excellents.",2,2
"Une merveille du cin√©ma, √† voir absolument ! üòç",2,2
Quel chef-d'≈ìuvre ! Je suis sorti de la salle √©merveill√©.,2,2
"Excellente r√©alisation, sc√©nario captivant du d√©but √† la fin.",2,2
Bravo ! Un film qui restera dans les m√©moires.,2,2
"Film magnifique, j'ai ador√© ! Les acteurs sont excellents.",2,2
"Une merveille du cin√©ma, √† voir absolument ! üòç",2,2
Quel chef-d'≈ìuvre ! Je suis sorti de la salle √©merveill√©.,2,2
"Excellente r√©alisation, sc√©nario captivant du d√©but √† la fin.",2,2
Bravo ! Un film qui restera dans les m√©moires.,2,2
"Film magnifique, j'ai ador√© ! Les acteurs sont excellents.",2,2
"Une merveille du cin√©ma, √† voir absolument ! üòç",2,2
Quel chef-d'≈ìuvre ! Je suis sorti de la salle √©merveill√©.,2,2
"Excellente r√©alisation, sc√©nario captivant du d√©but √† la fin.",2,2
Bravo ! Un film qui restera dans les m√©moires.,2,2
"Film magnifique, j'ai ador√© ! Les acteurs sont excellents.",2,2
"Une merveille du cin√©ma, √† voir absolument ! üòç",2,2
Quel chef-d'≈ìuvre ! Je suis sorti de la salle √©merveill√©.,2,2
"Excellente r√©alisation, sc√©nario captivant du d√©but √† la fin.",2,2
Bravo ! Un film qui restera dans les m√©moires.,2,2
"Film magnifique, j'ai ador√© ! Les acteurs sont excellents.",2,2
"Une merveille du cin√©ma, √† voir absolument ! üòç",2,2
Quel chef-d'≈ìuvre ! Je suis sorti de la salle √©merveill√©.,2,2
"Excellente r√©alisation, sc√©nario captivant du d√©but √† la fin.",2,2
Bravo ! Un film qui restera dans les m√©moires.,2,2
"Film magnifique, j'ai ador√© ! Les acteurs sont excellents.",2,2
"Une merveille du cin√©ma, √† voir absolument ! üòç",2,2
Quel chef-d'≈ìuvre ! Je suis sorti de la salle √©merveill√©.,2,2
"Excellente r√©alisation, sc√©nario captivant du d√©but √† la fin.",2,2
Bravo ! Un film qui restera dans les m√©moires.,2,2
"Film magnifique, j'ai ador√© ! Les acteurs sont excellents.",2,2
"Une merveille du cin√©ma, √† voir absolument ! üòç",2,2
Quel chef-d'≈ìuvre ! Je suis sorti de la salle √©merveill√©.,2,2
"Excellente r√©alisation, sc√©nario captivant du d√©but √† la fin.",2,2
Bravo ! Un film qui restera dans les m√©moires.,2,2
"Film magnifique, j'ai ador√© ! Les acteurs sont excellents.",2,2
"Une merveille du cin√©ma, √† voir absolument ! üòç",2,2
Quel chef-d'≈ìuvre ! Je suis sorti de la salle √©merveill√©.,2,2
"Excellente r√©alisation, sc√©nario captivant du d√©but √† la fin.",2,2
Bravo ! Un film qui restera dans les m√©moires.,2,2
"Film magnifique, j'ai ador√© ! Les acteurs sont excellents.",2,2
"Une merveille du cin√©ma, √† voir absolument ! üòç",2,2
Quel chef-d'≈ìuvre ! Je suis sorti de la salle √©merveill√©.,2,2
"Excellente r√©alisation, sc√©nario captivant du d√©but √† la fin.",2,2
Bravo ! Un film qui restera dans les m√©moires.,2,2
"Film magnifique, j'ai ador√© ! Les acteurs sont excellents.",2,2
"Une merveille du cin√©ma, √† voir absolument ! üòç",2,2
Quel chef-d'≈ìuvre ! Je suis sorti de la salle √©merveill√©.,2,2
"Excellente r√©alisation, sc√©nario captivant du d√©but √† la fin.",2,2
Bravo ! Un film qui restera dans les m√©moires.,2,2
"Tr√®s d√©√ßu, le sc√©nario est pr√©visible et ennuyeux.",0,0
"Film m√©diocre, j'ai failli m'endormir. üò¥",0,0
Quel g√¢chis ! Les acteurs jouent mal et l'histoire n'a aucun sens.,0,0
"Je ne recommande pas du tout, c'est une perte de temps.",0,0
"Nul, vraiment nul. Je regrette d'√™tre all√© le voir.",0,0
"Tr√®s d√©√ßu, le sc√©nario est pr√©visible et ennuyeux.",0,0
"Film m√©diocre, j'ai failli m'endormir. üò¥",0,0
Quel g√¢chis ! Les acteurs jouent mal et l'histoire n'a aucun sens.,0,0
"Je ne recommande pas du tout, c'est une perte de temps.",0,0
"Nul, vraiment nul. Je regrette d'√™tre all√© le voir.",0,0
"Tr√®s d√©√ßu, le sc√©nario est pr√©visible et ennuyeux.",0,0
"Film m√©diocre, j'ai failli m'endormir. üò¥",0,0
Quel g√¢chis ! Les acteurs jouent mal et l'histoire n'a aucun sens.,0,0
"Je ne recommande pas du tout, c'est une perte de temps.",0,0
"Nul, vraiment nul. Je regrette d'√™tre all√© le voir.",0,0
"Tr√®s d√©√ßu, le sc√©nario est pr√©visible et ennuyeux.",0,0
"Film m√©diocre, j'ai failli m'endormir. üò¥",0,0
Quel g√¢chis ! Les acteurs jouent mal et l'histoire n'a aucun sens.,0,0
"Je ne recommande pas du tout, c'est une perte de temps.",0,0
"Nul, vraiment nul. Je regrette d'√™tre all√© le voir.",0,0
"Tr√®s d√©√ßu, le sc√©nario est pr√©visible et ennuyeux.",0,0
"Film m√©diocre, j'ai failli m'endormir. üò¥",0,0
Quel g√¢chis ! Les acteurs jouent mal et l'histoire n'a aucun sens.,0,0
"Je ne recommande pas du tout, c'est une perte de temps.",0,0
"Nul, vraiment nul. Je regrette d'√™tre all√© le voir.",0,0
"Tr√®s d√©√ßu, le sc√©nario est pr√©visible et ennuyeux.",0,0
"Film m√©diocre, j'ai failli m'endormir. üò¥",0,0
Quel g√¢chis ! Les acteurs jouent mal et l'histoire n'a aucun sens.,0,0
"Je ne recommande pas du tout, c'est une perte de temps.",0,0
"Nul, vraiment nul. Je regrette d'√™tre all√© le voir.",0,0
"Tr√®s d√©√ßu, le sc√©nario est pr√©visible et ennuyeux.",0,0
"Film m√©diocre, j'ai failli m'endormir. üò¥",0,0
Quel g√¢chis ! Les acteurs jouent mal et l'histoire n'a aucun sens.,0,0
"Je ne recommande pas du tout, c'est une perte de temps.",0,0
"Nul, vraiment nul. Je regrette d'√™tre all√© le voir.",0,0
"Tr√®s d√©√ßu, le sc√©nario est pr√©visible et ennuyeux.",0,0
"Film m√©diocre, j'ai failli m'endormir. üò¥",0,0
Quel g√¢chis ! Les acteurs jouent mal et l'histoire n'a aucun sens.,0,0
"Je ne recommande pas du tout, c'est une perte de temps.",0,0
"Nul, vraiment nul. Je regrette d'√™tre all√© le voir.",0,0
"Tr√®s d√©√ßu, le sc√©nario est pr√©visible et ennuyeux.",0,0
"Film m√©diocre, j'ai failli m'endormir. üò¥",0,0
Quel g√¢chis ! Les acteurs jouent mal et l'histoire n'a aucun sens.,0,0
"Je ne recommande pas du tout, c'est une perte de temps.",0,0
"Nul, vraiment nul. Je regrette d'√™tre all√© le voir.",0,0
"Tr√®s d√©√ßu, le sc√©nario est pr√©visible et ennuyeux.",0,0
"Film m√©diocre, j'ai failli m'endormir. üò¥",0,0
Quel g√¢chis ! Les acteurs jouent mal et l'histoire n'a aucun sens.,0,0
"Je ne recommande pas du tout, c'est une perte de temps.",0,0
"Nul, vraiment nul. Je regrette d'√™tre all√© le voir.",0,0
"Tr√®s d√©√ßu, le sc√©nario est pr√©visible et ennuyeux.",0,0
"Film m√©diocre, j'ai failli m'endormir. üò¥",0,0
Quel g√¢chis ! Les acteurs jouent mal et l'histoire n'a aucun sens.,0,0
"Je ne recommande pas du tout, c'est une perte de temps.",0,0
"Nul, vraiment nul. Je regrette d'√™tre all√© le voir.",0,0
"Tr√®s d√©√ßu, le sc√©nario est pr√©visible et ennuyeux.",0,0
"Film m√©diocre, j'ai failli m'endormir. üò¥",0,0
Quel g√¢chis ! Les acteurs jouent mal et l'histoire n'a aucun sens.,0,0
"Je ne recommande pas du tout, c'est une perte de temps.",0,0
"Nul, vraiment nul. Je regrette d'√™tre all√© le voir.",0,0
"Tr√®s d√©√ßu, le sc√©nario est pr√©visible et ennuyeux.",0,0
"Film m√©diocre, j'ai failli m'endormir. üò¥",0,0
Quel g√¢chis ! Les acteurs jouent mal et l'histoire n'a aucun sens.,0,0
"Je ne recommande pas du tout, c'est une perte de temps.",0,0
"Nul, vraiment nul. Je regrette d'√™tre all√© le voir.",0,0
"Tr√®s d√©√ßu, le sc√©nario est pr√©visible et ennuyeux.",0,0
"Film m√©diocre, j'ai failli m'endormir. üò¥",0,0
Quel g√¢chis ! Les acteurs jouent mal et l'histoire n'a aucun sens.,0,0
"Je ne recommande pas du tout, c'est une perte de temps.",0,0
"Nul, vraiment nul. Je regrette d'√™tre all√© le voir.",0,0
"Tr√®s d√©√ßu, le sc√©nario est pr√©visible et ennuyeux.",0,0
"Film m√©diocre, j'ai failli m'endormir. üò¥",0,0
Quel g√¢chis ! Les acteurs jouent mal et l'histoire n'a aucun sens.,0,0
"Je ne recommande pas du tout, c'est une perte de temps.",0,0
"Nul, vraiment nul. Je regrette d'√™tre all√© le voir.",0,0
"Tr√®s d√©√ßu, le sc√©nario est pr√©visible et ennuyeux.",0,0
"Film m√©diocre, j'ai failli m'endormir. üò¥",0,0
Quel g√¢chis ! Les acteurs jouent mal et l'histoire n'a aucun sens.,0,0
"Je ne recommande pas du tout, c'est une perte de temps.",0,0
"Nul, vraiment nul. Je regrette d'√™tre all√© le voir.",0,0
"Tr√®s d√©√ßu, le sc√©nario est pr√©visible et ennuyeux.",0,0
"Film m√©diocre, j'ai failli m'endormir. üò¥",0,0
Quel g√¢chis ! Les acteurs jouent mal et l'histoire n'a aucun sens.,0,0
"Je ne recommande pas du tout, c'est une perte de temps.",0,0
"Nul, vraiment nul. Je regrette d'√™tre all√© le voir.",0,0
"Tr√®s d√©√ßu, le sc√©nario est pr√©visible et ennuyeux.",0,0
"Film m√©diocre, j'ai failli m'endormir. üò¥",0,0
Quel g√¢chis ! Les acteurs jouent mal et l'histoire n'a aucun sens.,0,0
"Je ne recommande pas du tout, c'est une perte de temps.",0,0
"Nul, vraiment nul. Je regrette d'√™tre all√© le voir.",0,0
"Tr√®s d√©√ßu, le sc√©nario est pr√©visible et ennuyeux.",0,0
"Film m√©diocre, j'ai failli m'endormir. üò¥",0,0
Quel g√¢chis ! Les acteurs jouent mal et l'histoire n'a aucun sens.,0,0
"Je ne recommande pas du tout, c'est une perte de temps.",0,0
"Nul, vraiment nul. Je regrette d'√™tre all√© le voir.",0,0
"Tr√®s d√©√ßu, le sc√©nario est pr√©visible et ennuyeux.",0,0
"Film m√©diocre, j'ai failli m'endormir. üò¥",0,0
Quel g√¢chis ! Les acteurs jouent mal et l'histoire n'a aucun sens.,0,0
"Je ne recommande pas du tout, c'est une perte de temps.",0,0
"Nul, vraiment nul. Je regrette d'√™tre all√© le voir.",0,0
"Tr√®s d√©√ßu, le sc√©nario est pr√©visible et ennuyeux.",0,0
"Film m√©diocre, j'ai failli m'endormir. üò¥",0,0
Quel g√¢chis ! Les acteurs jouent mal et l'histoire n'a aucun sens.,0,0
"Je ne recommande pas du tout, c'est une perte de temps.",0,0
"Nul, vraiment nul. Je regrette d'√™tre all√© le voir.",0,0
"Tr√®s d√©√ßu, le sc√©nario est pr√©visible et ennuyeux.",0,0
"Film m√©diocre, j'ai failli m'endormir. üò¥",0,0
Quel g√¢chis ! Les acteurs jouent mal et l'histoire n'a aucun sens.,0,0
"Je ne recommande pas du tout, c'est une perte de temps.",0,0
"Nul, vraiment nul. Je regrette d'√™tre all√© le voir.",0,0
"Tr√®s d√©√ßu, le sc√©nario est pr√©visible et ennuyeux.",0,0
"Film m√©diocre, j'ai failli m'endormir. üò¥",0,0
Quel g√¢chis ! Les acteurs jouent mal et l'histoire n'a aucun sens.,0,0
"Je ne recommande pas du tout, c'est une perte de temps.",0,0
"Nul, vraiment nul. Je regrette d'√™tre all√© le voir.",0,0
"Tr√®s d√©√ßu, le sc√©nario est pr√©visible et ennuyeux.",0,0
"Film m√©diocre, j'ai failli m'endormir. üò¥",0,0
Quel g√¢chis ! Les acteurs jouent mal et l'histoire n'a aucun sens.,0,0
"Je ne recommande pas du tout, c'est une perte de temps.",0,0
"Nul, vraiment nul. Je regrette d'√™tre all√© le voir.",0,0
"Tr√®s d√©√ßu, le sc√©nario est pr√©visible et ennuyeux.",0,0
"Film m√©diocre, j'ai failli m'endormir. üò¥",0,0
Quel g√¢chis ! Les acteurs jouent mal et l'histoire n'a aucun sens.,0,0
"Je ne recommande pas du tout, c'est une perte de temps.",0,0
"Nul, vraiment nul. Je regrette d'√™tre all√© le voir.",0,0
"Tr√®s d√©√ßu, le sc√©nario est pr√©visible et ennuyeux.",0,0
"Film m√©diocre, j'ai failli m'endormir. üò¥",0,0
Quel g√¢chis ! Les acteurs jouent mal et l'histoire n'a aucun sens.,0,0
"Je ne recommande pas du tout, c'est une perte de temps.",0,0
"Nul, vraiment nul. Je regrette d'√™tre all√© le voir.",0,0
"Tr√®s d√©√ßu, le sc√©nario est pr√©visible et ennuyeux.",0,0
"Film m√©diocre, j'ai failli m'endormir. üò¥",0,0
Quel g√¢chis ! Les acteurs jouent mal et l'histoire n'a aucun sens.,0,0
"Je ne recommande pas du tout, c'est une perte de temps.",0,0
"Nul, vraiment nul. Je regrette d'√™tre all√© le voir.",0,0
"Tr√®s d√©√ßu, le sc√©nario est pr√©visible et ennuyeux.",0,0
"Film m√©diocre, j'ai failli m'endormir. üò¥",0,0
Quel g√¢chis ! Les acteurs jouent mal et l'histoire n'a aucun sens.,0,0
"Je ne recommande pas du tout, c'est une perte de temps.",0,0
"Nul, vraiment nul. Je regrette d'√™tre all√© le voir.",0,0
"Tr√®s d√©√ßu, le sc√©nario est pr√©visible et ennuyeux.",0,0
"Film m√©diocre, j'ai failli m'endormir. üò¥",0,0
Quel g√¢chis ! Les acteurs jouent mal et l'histoire n'a aucun sens.,0,0
"Je ne recommande pas du tout, c'est une perte de temps.",0,0
"Nul, vraiment nul. Je regrette d'√™tre all√© le voir.",0,0
"Tr√®s d√©√ßu, le sc√©nario est pr√©visible et ennuyeux.",0,0
"Film m√©diocre, j'ai failli m'endormir. üò¥",0,0
Quel g√¢chis ! Les acteurs jouent mal et l'histoire n'a aucun sens.,0,0
"Je ne recommande pas du tout, c'est une perte de temps.",0,0
"Nul, vraiment nul. Je regrette d'√™tre all√© le voir.",0,0
"Tr√®s d√©√ßu, le sc√©nario est pr√©visible et ennuyeux.",0,0
"Film m√©diocre, j'ai failli m'endormir. üò¥",0,0
Quel g√¢chis ! Les acteurs jouent mal et l'histoire n'a aucun sens.,0,0
"Je ne recommande pas du tout, c'est une perte de temps.",0,0
"Nul, vraiment nul. Je regrette d'√™tre all√© le voir.",0,0
"Tr√®s d√©√ßu, le sc√©nario est pr√©visible et ennuyeux.",0,0
"Film m√©diocre, j'ai failli m'endormir. üò¥",0,0
Quel g√¢chis ! Les acteurs jouent mal et l'histoire n'a aucun sens.,0,0
"Je ne recommande pas du tout, c'est une perte de temps.",0,0
"Nul, vraiment nul. Je regrette d'√™tre all√© le voir.",0,0
"Tr√®s d√©√ßu, le sc√©nario est pr√©visible et ennuyeux.",0,0
"Film m√©diocre, j'ai failli m'endormir. üò¥",0,0
Quel g√¢chis ! Les acteurs jouent mal et l'histoire n'a aucun sens.,0,0
"Je ne recommande pas du tout, c'est une perte de temps.",0,0
"Nul, vraiment nul. Je regrette d'√™tre all√© le voir.",0,0
"Tr√®s d√©√ßu, le sc√©nario est pr√©visible et ennuyeux.",0,0
"Film m√©diocre, j'ai failli m'endormir. üò¥",0,0
Quel g√¢chis ! Les acteurs jouent mal et l'histoire n'a aucun sens.,0,0
"Je ne recommande pas du tout, c'est une perte de temps.",0,0
"Nul, vraiment nul. Je regrette d'√™tre all√© le voir.",0,0
"Tr√®s d√©√ßu, le sc√©nario est pr√©visible et ennuyeux.",0,0
"Film m√©diocre, j'ai failli m'endormir. üò¥",0,0
Quel g√¢chis ! Les acteurs jouent mal et l'histoire n'a aucun sens.,0,0
"Je ne recommande pas du tout, c'est une perte de temps.",0,0
"Nul, vraiment nul. Je regrette d'√™tre all√© le voir.",0,0
"Tr√®s d√©√ßu, le sc√©nario est pr√©visible et ennuyeux.",0,0
"Film m√©diocre, j'ai failli m'endormir. üò¥",0,0
Quel g√¢chis ! Les acteurs jouent mal et l'histoire n'a aucun sens.,0,0
"Je ne recommande pas du tout, c'est une perte de temps.",0,0
"Nul, vraiment nul. Je regrette d'√™tre all√© le voir.",0,0
"Tr√®s d√©√ßu, le sc√©nario est pr√©visible et ennuyeux.",0,0
"Film m√©diocre, j'ai failli m'endormir. üò¥",0,0
Quel g√¢chis ! Les acteurs jouent mal et l'histoire n'a aucun sens.,0,0
"Je ne recommande pas du tout, c'est une perte de temps.",0,0
"Nul, vraiment nul. Je regrette d'√™tre all√© le voir.",0,0
"Tr√®s d√©√ßu, le sc√©nario est pr√©visible et ennuyeux.",0,0
"Film m√©diocre, j'ai failli m'endormir. üò¥",0,0
Quel g√¢chis ! Les acteurs jouent mal et l'histoire n'a aucun sens.,0,0
"Je ne recommande pas du tout, c'est une perte de temps.",0,0
"Nul, vraiment nul. Je regrette d'√™tre all√© le voir.",0,0
"Tr√®s d√©√ßu, le sc√©nario est pr√©visible et ennuyeux.",0,0
"Film m√©diocre, j'ai failli m'endormir. üò¥",0,0
Quel g√¢chis ! Les acteurs jouent mal et l'histoire n'a aucun sens.,0,0
"Je ne recommande pas du tout, c'est une perte de temps.",0,0
"Nul, vraiment nul. Je regrette d'√™tre all√© le voir.",0,0
"Tr√®s d√©√ßu, le sc√©nario est pr√©visible et ennuyeux.",0,0
"Film m√©diocre, j'ai failli m'endormir. üò¥",0,0
Quel g√¢chis ! Les acteurs jouent mal et l'histoire n'a aucun sens.,0,0
"Je ne recommande pas du tout, c'est une perte de temps.",0,0
"Nul, vraiment nul. Je regrette d'√™tre all√© le voir.",0,0
"Tr√®s d√©√ßu, le sc√©nario est pr√©visible et ennuyeux.",0,0
"Film m√©diocre, j'ai failli m'endormir. üò¥",0,0
Quel g√¢chis ! Les acteurs jouent mal et l'histoire n'a aucun sens.,0,0
"Je ne recommande pas du tout, c'est une perte de temps.",0,0
"Nul, vraiment nul. Je regrette d'√™tre all√© le voir.",0,0
"Tr√®s d√©√ßu, le sc√©nario est pr√©visible et ennuyeux.",0,0
"Film m√©diocre, j'ai failli m'endormir. üò¥",0,0
Quel g√¢chis ! Les acteurs jouent mal et l'histoire n'a aucun sens.,0,0
"Je ne recommande pas du tout, c'est une perte de temps.",0,0
"Nul, vraiment nul. Je regrette d'√™tre all√© le voir.",0,0
"Tr√®s d√©√ßu, le sc√©nario est pr√©visible et ennuyeux.",0,0
"Film m√©diocre, j'ai failli m'endormir. üò¥",0,0
Quel g√¢chis ! Les acteurs jouent mal et l'histoire n'a aucun sens.,0,0
"Je ne recommande pas du tout, c'est une perte de temps.",0,0
"Nul, vraiment nul. Je regrette d'√™tre all√© le voir.",0,0
"Tr√®s d√©√ßu, le sc√©nario est pr√©visible et ennuyeux.",0,0
"Film m√©diocre, j'ai failli m'endormir. üò¥",0,0
Quel g√¢chis ! Les acteurs jouent mal et l'histoire n'a aucun sens.,0,0
"Je ne recommande pas du tout, c'est une perte de temps.",0,0
"Nul, vraiment nul. Je regrette d'√™tre all√© le voir.",0,0
"Tr√®s d√©√ßu, le sc√©nario est pr√©visible et ennuyeux.",0,0
"Film m√©diocre, j'ai failli m'endormir. üò¥",0,0
Quel g√¢chis ! Les acteurs jouent mal et l'histoire n'a aucun sens.,0,0
"Je ne recommande pas du tout, c'est une perte de temps.",0,0
"Nul, vraiment nul. Je regrette d'√™tre all√© le voir.",0,0
"Tr√®s d√©√ßu, le sc√©nario est pr√©visible et ennuyeux.",0,0
"Film m√©diocre, j'ai failli m'endormir. üò¥",0,0
Quel g√¢chis ! Les acteurs jouent mal et l'histoire n'a aucun sens.,0,0
"Je ne recommande pas du tout, c'est une perte de temps.",0,0
"Nul, vraiment nul. Je regrette d'√™tre all√© le voir.",0,0
"Tr√®s d√©√ßu, le sc√©nario est pr√©visible et ennuyeux.",0,0
"Film m√©diocre, j'ai failli m'endormir. üò¥",0,0
Quel g√¢chis ! Les acteurs jouent mal et l'histoire n'a aucun sens.,0,0
"Je ne recommande pas du tout, c'est une perte de temps.",0,0
"Nul, vraiment nul. Je regrette d'√™tre all√© le voir.",0,0
"Tr√®s d√©√ßu, le sc√©nario est pr√©visible et ennuyeux.",0,0
"Film m√©diocre, j'ai failli m'endormir. üò¥",0,0
Quel g√¢chis ! Les acteurs jouent mal et l'histoire n'a aucun sens.,0,0
"Je ne recommande pas du tout, c'est une perte de temps.",0,0
"Nul, vraiment nul. Je regrette d'√™tre all√© le voir.",0,0
"Tr√®s d√©√ßu, le sc√©nario est pr√©visible et ennuyeux.",0,0
"Film m√©diocre, j'ai failli m'endormir. üò¥",0,0
Quel g√¢chis ! Les acteurs jouent mal et l'histoire n'a aucun sens.,0,0
"Je ne recommande pas du tout, c'est une perte de temps.",0,0
"Nul, vraiment nul. Je regrette d'√™tre all√© le voir.",0,0
"Tr√®s d√©√ßu, le sc√©nario est pr√©visible et ennuyeux.",0,0
"Film m√©diocre, j'ai failli m'endormir. üò¥",0,0
Quel g√¢chis ! Les acteurs jouent mal et l'histoire n'a aucun sens.,0,0
"Je ne recommande pas du tout, c'est une perte de temps.",0,0
"Nul, vraiment nul. Je regrette d'√™tre all√© le voir.",0,0
"Tr√®s d√©√ßu, le sc√©nario est pr√©visible et ennuyeux.",0,0
"Film m√©diocre, j'ai failli m'endormir. üò¥",0,0
Quel g√¢chis ! Les acteurs jouent mal et l'histoire n'a aucun sens.,0,0
"Je ne recommande pas du tout, c'est une perte de temps.",0,0
"Nul, vraiment nul. Je regrette d'√™tre all√© le voir.",0,0
"Tr√®s d√©√ßu, le sc√©nario est pr√©visible et ennuyeux.",0,0
"Film m√©diocre, j'ai failli m'endormir. üò¥",0,0
Quel g√¢chis ! Les acteurs jouent mal et l'histoire n'a aucun sens.,0,0
"Je ne recommande pas du tout, c'est une perte de temps.",0,0
"Nul, vraiment nul. Je regrette d'√™tre all√© le voir.",0,0
"Tr√®s d√©√ßu, le sc√©nario est pr√©visible et ennuyeux.",0,0
"Film m√©diocre, j'ai failli m'endormir. üò¥",0,0
Quel g√¢chis ! Les acteurs jouent mal et l'histoire n'a aucun sens.,0,0
"Je ne recommande pas du tout, c'est une perte de temps.",0,0
"Nul, vraiment nul. Je regrette d'√™tre all√© le voir.",0,0
"Tr√®s d√©√ßu, le sc√©nario est pr√©visible et ennuyeux.",0,0
"Film m√©diocre, j'ai failli m'endormir. üò¥",0,0
Quel g√¢chis ! Les acteurs jouent mal et l'histoire n'a aucun sens.,0,0
"Je ne recommande pas du tout, c'est une perte de temps.",0,0
"Nul, vraiment nul. Je regrette d'√™tre all√© le voir.",0,0
"Tr√®s d√©√ßu, le sc√©nario est pr√©visible et ennuyeux.",0,0
"Film m√©diocre, j'ai failli m'endormir. üò¥",0,0
Quel g√¢chis ! Les acteurs jouent mal et l'histoire n'a aucun sens.,0,0
"Je ne recommande pas du tout, c'est une perte de temps.",0,0
"Nul, vraiment nul. Je regrette d'√™tre all√© le voir.",0,0
"Tr√®s d√©√ßu, le sc√©nario est pr√©visible et ennuyeux.",0,0
"Film m√©diocre, j'ai failli m'endormir. üò¥",0,0
Quel g√¢chis ! Les acteurs jouent mal et l'histoire n'a aucun sens.,0,0
"Je ne recommande pas du tout, c'est une perte de temps.",0,0
"Nul, vraiment nul. Je regrette d'√™tre all√© le voir.",0,0
"Tr√®s d√©√ßu, le sc√©nario est pr√©visible et ennuyeux.",0,0
"Film m√©diocre, j'ai failli m'endormir. üò¥",0,0
Quel g√¢chis ! Les acteurs jouent mal et l'histoire n'a aucun sens.,0,0
"Je ne recommande pas du tout, c'est une perte de temps.",0,0
"Nul, vraiment nul. Je regrette d'√™tre all√© le voir.",0,0
"Tr√®s d√©√ßu, le sc√©nario est pr√©visible et ennuyeux.",0,0
"Film m√©diocre, j'ai failli m'endormir. üò¥",0,0
Quel g√¢chis ! Les acteurs jouent mal et l'histoire n'a aucun sens.,0,0
"Je ne recommande pas du tout, c'est une perte de temps.",0,0
"Nul, vraiment nul. Je regrette d'√™tre all√© le voir.",0,0
"Tr√®s d√©√ßu, le sc√©nario est pr√©visible et ennuyeux.",0,0
"Film m√©diocre, j'ai failli m'endormir. üò¥",0,0
Quel g√¢chis ! Les acteurs jouent mal et l'histoire n'a aucun sens.,0,0
"Je ne recommande pas du tout, c'est une perte de temps.",0,0
"Nul, vraiment nul. Je regrette d'√™tre all√© le voir.",0,0
"Tr√®s d√©√ßu, le sc√©nario est pr√©visible et ennuyeux.",0,0
"Film m√©diocre, j'ai failli m'endormir. üò¥",0,0
Quel g√¢chis ! Les acteurs jouent mal et l'histoire n'a aucun sens.,0,0
"Je ne recommande pas du tout, c'est une perte de temps.",0,0
"Nul, vraiment nul. Je regrette d'√™tre all√© le voir.",0,0
"Tr√®s d√©√ßu, le sc√©nario est pr√©visible et ennuyeux.",0,0
"Film m√©diocre, j'ai failli m'endormir. üò¥",0,0
Quel g√¢chis ! Les acteurs jouent mal et l'histoire n'a aucun sens.,0,0
"Je ne recommande pas du tout, c'est une perte de temps.",0,0
"Nul, vraiment nul. Je regrette d'√™tre all√© le voir.",0,0
"Tr√®s d√©√ßu, le sc√©nario est pr√©visible et ennuyeux.",0,0
"Film m√©diocre, j'ai failli m'endormir. üò¥",0,0
Quel g√¢chis ! Les acteurs jouent mal et l'histoire n'a aucun sens.,0,0
"Je ne recommande pas du tout, c'est une perte de temps.",0,0
"Nul, vraiment nul. Je regrette d'√™tre all√© le voir.",0,0
"Tr√®s d√©√ßu, le sc√©nario est pr√©visible et ennuyeux.",0,0
"Film m√©diocre, j'ai failli m'endormir. üò¥",0,0
Quel g√¢chis ! Les acteurs jouent mal et l'histoire n'a aucun sens.,0,0
"Je ne recommande pas du tout, c'est une perte de temps.",0,0
"Nul, vraiment nul. Je regrette d'√™tre all√© le voir.",0,0
"Tr√®s d√©√ßu, le sc√©nario est pr√©visible et ennuyeux.",0,0
"Film m√©diocre, j'ai failli m'endormir. üò¥",0,0
Quel g√¢chis ! Les acteurs jouent mal et l'histoire n'a aucun sens.,0,0
"Je ne recommande pas du tout, c'est une perte de temps.",0,0
"Nul, vraiment nul. Je regrette d'√™tre all√© le voir.",0,0
"Tr√®s d√©√ßu, le sc√©nario est pr√©visible et ennuyeux.",0,0
"Film m√©diocre, j'ai failli m'endormir. üò¥",0,0
Quel g√¢chis ! Les acteurs jouent mal et l'histoire n'a aucun sens.,0,0
"Je ne recommande pas du tout, c'est une perte de temps.",0,0
"Nul, vraiment nul. Je regrette d'√™tre all√© le voir.",0,0
"Tr√®s d√©√ßu, le sc√©nario est pr√©visible et ennuyeux.",0,0
"Film m√©diocre, j'ai failli m'endormir. üò¥",0,0
Quel g√¢chis ! Les acteurs jouent mal et l'histoire n'a aucun sens.,0,0
"Je ne recommande pas du tout, c'est une perte de temps.",0,0
"Nul, vraiment nul. Je regrette d'√™tre all√© le voir.",0,0
"Tr√®s d√©√ßu, le sc√©nario est pr√©visible et ennuyeux.",0,0
"Film m√©diocre, j'ai failli m'endormir. üò¥",0,0
Quel g√¢chis ! Les acteurs jouent mal et l'histoire n'a aucun sens.,0,0
"Je ne recommande pas du tout, c'est une perte de temps.",0,0
"Nul, vraiment nul. Je regrette d'√™tre all√© le voir.",0,0
"Tr√®s d√©√ßu, le sc√©nario est pr√©visible et ennuyeux.",0,0
"Film m√©diocre, j'ai failli m'endormir. üò¥",0,0
Quel g√¢chis ! Les acteurs jouent mal et l'histoire n'a aucun sens.,0,0
"Je ne recommande pas du tout, c'est une perte de temps.",0,0
"Nul, vraiment nul. Je regrette d'√™tre all√© le voir.",0,0
"Tr√®s d√©√ßu, le sc√©nario est pr√©visible et ennuyeux.",0,0
"Film m√©diocre, j'ai failli m'endormir. üò¥",0,0
Quel g√¢chis ! Les acteurs jouent mal et l'histoire n'a aucun sens.,0,0
"Je ne recommande pas du tout, c'est une perte de temps.",0,0
"Nul, vraiment nul. Je regrette d'√™tre all√© le voir.",0,0
"Tr√®s d√©√ßu, le sc√©nario est pr√©visible et ennuyeux.",0,0
"Film m√©diocre, j'ai failli m'endormir. üò¥",0,0
Quel g√¢chis ! Les acteurs jouent mal et l'histoire n'a aucun sens.,0,0
"Je ne recommande pas du tout, c'est une perte de temps.",0,0
"Nul, vraiment nul. Je regrette d'√™tre all√© le voir.",0,0
"Tr√®s d√©√ßu, le sc√©nario est pr√©visible et ennuyeux.",0,0
"Film m√©diocre, j'ai failli m'endormir. üò¥",0,0
Quel g√¢chis ! Les acteurs jouent mal et l'histoire n'a aucun sens.,0,0
"Je ne recommande pas du tout, c'est une perte de temps.",0,0
"Nul, vraiment nul. Je regrette d'√™tre all√© le voir.",0,0
"Tr√®s d√©√ßu, le sc√©nario est pr√©visible et ennuyeux.",0,0
"Film m√©diocre, j'ai failli m'endormir. üò¥",0,0
Quel g√¢chis ! Les acteurs jouent mal et l'histoire n'a aucun sens.,0,0
"Je ne recommande pas du tout, c'est une perte de temps.",0,0
"Nul, vraiment nul. Je regrette d'√™tre all√© le voir.",0,0
"Tr√®s d√©√ßu, le sc√©nario est pr√©visible et ennuyeux.",0,0
"Film m√©diocre, j'ai failli m'endormir. üò¥",0,0
Quel g√¢chis ! Les acteurs jouent mal et l'histoire n'a aucun sens.,0,0
"Je ne recommande pas du tout, c'est une perte de temps.",0,0
"Nul, vraiment nul. Je regrette d'√™tre all√© le voir.",0,0
"Tr√®s d√©√ßu, le sc√©nario est pr√©visible et ennuyeux.",0,0
"Film m√©diocre, j'ai failli m'endormir. üò¥",0,0
Quel g√¢chis ! Les acteurs jouent mal et l'histoire n'a aucun sens.,0,0
"Je ne recommande pas du tout, c'est une perte de temps.",0,0
"Nul, vraiment nul. Je regrette d'√™tre all√© le voir.",0,0
"Tr√®s d√©√ßu, le sc√©nario est pr√©visible et ennuyeux.",0,0
"Film m√©diocre, j'ai failli m'endormir. üò¥",0,0
Quel g√¢chis ! Les acteurs jouent mal et l'histoire n'a aucun sens.,0,0
"Je ne recommande pas du tout, c'est une perte de temps.",0,0
"Nul, vraiment nul. Je regrette d'√™tre all√© le voir.",0,0
"Tr√®s d√©√ßu, le sc√©nario est pr√©visible et ennuyeux.",0,0
"Film m√©diocre, j'ai failli m'endormir. üò¥",0,0
Quel g√¢chis ! Les acteurs jouent mal et l'histoire n'a aucun sens.,0,0
"Je ne recommande pas du tout, c'est une perte de temps.",0,0
"Nul, vraiment nul. Je regrette d'√™tre all√© le voir.",0,0
"Tr√®s d√©√ßu, le sc√©nario est pr√©visible et ennuyeux.",0,0
"Film m√©diocre, j'ai failli m'endormir. üò¥",0,0
Quel g√¢chis ! Les acteurs jouent mal et l'histoire n'a aucun sens.,0,0
"Je ne recommande pas du tout, c'est une perte de temps.",0,0
"Nul, vraiment nul. Je regrette d'√™tre all√© le voir.",0,0
"Tr√®s d√©√ßu, le sc√©nario est pr√©visible et ennuyeux.",0,0
"Film m√©diocre, j'ai failli m'endormir. üò¥",0,0
Quel g√¢chis ! Les acteurs jouent mal et l'histoire n'a aucun sens.,0,0
"Je ne recommande pas du tout, c'est une perte de temps.",0,0
"Nul, vraiment nul. Je regrette d'√™tre all√© le voir.",0,0
"Tr√®s d√©√ßu, le sc√©nario est pr√©visible et ennuyeux.",0,0
"Film m√©diocre, j'ai failli m'endormir. üò¥",0,0
Quel g√¢chis ! Les acteurs jouent mal et l'histoire n'a aucun sens.,0,0
"Je ne recommande pas du tout, c'est une perte de temps.",0,0
"Nul, vraiment nul. Je regrette d'√™tre all√© le voir.",0,0
"Tr√®s d√©√ßu, le sc√©nario est pr√©visible et ennuyeux.",0,0
"Film m√©diocre, j'ai failli m'endormir. üò¥",0,0
Quel g√¢chis ! Les acteurs jouent mal et l'histoire n'a aucun sens.,0,0
"Je ne recommande pas du tout, c'est une perte de temps.",0,0
"Nul, vraiment nul. Je regrette d'√™tre all√© le voir.",0,0
"Tr√®s d√©√ßu, le sc√©nario est pr√©visible et ennuyeux.",0,0
"Film m√©diocre, j'ai failli m'endormir. üò¥",0,0
Quel g√¢chis ! Les acteurs jouent mal et l'histoire n'a aucun sens.,0,0
"Je ne recommande pas du tout, c'est une perte de temps.",0,0
"Nul, vraiment nul. Je regrette d'√™tre all√© le voir.",0,0
"Tr√®s d√©√ßu, le sc√©nario est pr√©visible et ennuyeux.",0,0
"Film m√©diocre, j'ai failli m'endormir. üò¥",0,0
Quel g√¢chis ! Les acteurs jouent mal et l'histoire n'a aucun sens.,0,0
"Je ne recommande pas du tout, c'est une perte de temps.",0,0
"Nul, vraiment nul. Je regrette d'√™tre all√© le voir.",0,0
"Tr√®s d√©√ßu, le sc√©nario est pr√©visible et ennuyeux.",0,0
"Film m√©diocre, j'ai failli m'endormir. üò¥",0,0
Quel g√¢chis ! Les acteurs jouent mal et l'histoire n'a aucun sens.,0,0
"Je ne recommande pas du tout, c'est une perte de temps.",0,0
"Nul, vraiment nul. Je regrette d'√™tre all√© le voir.",0,0
"Tr√®s d√©√ßu, le sc√©nario est pr√©visible et ennuyeux.",0,0
"Film m√©diocre, j'ai failli m'endormir. üò¥",0,0
Quel g√¢chis ! Les acteurs jouent mal et l'histoire n'a aucun sens.,0,0
"Je ne recommande pas du tout, c'est une perte de temps.",0,0
"Nul, vraiment nul. Je regrette d'√™tre all√© le voir.",0,0
"Tr√®s d√©√ßu, le sc√©nario est pr√©visible et ennuyeux.",0,0
"Film m√©diocre, j'ai failli m'endormir. üò¥",0,0
Quel g√¢chis ! Les acteurs jouent mal et l'histoire n'a aucun sens.,0,0
"Je ne recommande pas du tout, c'est une perte de temps.",0,0
"Nul, vraiment nul. Je regrette d'√™tre all√© le voir.",0,0
"Tr√®s d√©√ßu, le sc√©nario est pr√©visible et ennuyeux.",0,0
"Film m√©diocre, j'ai failli m'endormir. üò¥",0,0
Quel g√¢chis ! Les acteurs jouent mal et l'histoire n'a aucun sens.,0,0
"Je ne recommande pas du tout, c'est une perte de temps.",0,0
"Nul, vraiment nul. Je regrette d'√™tre all√© le voir.",0,0
"Tr√®s d√©√ßu, le sc√©nario est pr√©visible et ennuyeux.",0,0
"Film m√©diocre, j'ai failli m'endormir. üò¥",0,0
Quel g√¢chis ! Les acteurs jouent mal et l'histoire n'a aucun sens.,0,0
"Je ne recommande pas du tout, c'est une perte de temps.",0,0
"Nul, vraiment nul. Je regrette d'√™tre all√© le voir.",0,0
"Tr√®s d√©√ßu, le sc√©nario est pr√©visible et ennuyeux.",0,0
"Film m√©diocre, j'ai failli m'endormir. üò¥",0,0
Quel g√¢chis ! Les acteurs jouent mal et l'histoire n'a aucun sens.,0,0
"Je ne recommande pas du tout, c'est une perte de temps.",0,0
"Nul, vraiment nul. Je regrette d'√™tre all√© le voir.",0,0
"Tr√®s d√©√ßu, le sc√©nario est pr√©visible et ennuyeux.",0,0
"Film m√©diocre, j'ai failli m'endormir. üò¥",0,0
Quel g√¢chis ! Les acteurs jouent mal et l'histoire n'a aucun sens.,0,0
"Je ne recommande pas du tout, c'est une perte de temps.",0,0
"Nul, vraiment nul. Je regrette d'√™tre all√© le voir.",0,0
"Tr√®s d√©√ßu, le sc√©nario est pr√©visible et ennuyeux.",0,0
"Film m√©diocre, j'ai failli m'endormir. üò¥",0,0
Quel g√¢chis ! Les acteurs jouent mal et l'histoire n'a aucun sens.,0,0
"Je ne recommande pas du tout, c'est une perte de temps.",0,0
"Nul, vraiment nul. Je regrette d'√™tre all√© le voir.",0,0
"Tr√®s d√©√ßu, le sc√©nario est pr√©visible et ennuyeux.",0,0
"Film m√©diocre, j'ai failli m'endormir. üò¥",0,0
Quel g√¢chis ! Les acteurs jouent mal et l'histoire n'a aucun sens.,0,0
"Je ne recommande pas du tout, c'est une perte de temps.",0,0
"Nul, vraiment nul. Je regrette d'√™tre all√© le voir.",0,0
"Tr√®s d√©√ßu, le sc√©nario est pr√©visible et ennuyeux.",0,0
"Film m√©diocre, j'ai failli m'endormir. üò¥",0,0
Quel g√¢chis ! Les acteurs jouent mal et l'histoire n'a aucun sens.,0,0
"Je ne recommande pas du tout, c'est une perte de temps.",0,0
"Nul, vraiment nul. Je regrette d'√™tre all√© le voir.",0,0
"Tr√®s d√©√ßu, le sc√©nario est pr√©visible et ennuyeux.",0,0
"Film m√©diocre, j'ai failli m'endormir. üò¥",0,0
Quel g√¢chis ! Les acteurs jouent mal et l'histoire n'a aucun sens.,0,0
"Je ne recommande pas du tout, c'est une perte de temps.",0,0
"Nul, vraiment nul. Je regrette d'√™tre all√© le voir.",0,0
"Tr√®s d√©√ßu, le sc√©nario est pr√©visible et ennuyeux.",0,0
"Film m√©diocre, j'ai failli m'endormir. üò¥",0,0
Quel g√¢chis ! Les acteurs jouent mal et l'histoire n'a aucun sens.,0,0
"Je ne recommande pas du tout, c'est une perte de temps.",0,0
"Nul, vraiment nul. Je regrette d'√™tre all√© le voir.",0,0
"Tr√®s d√©√ßu, le sc√©nario est pr√©visible et ennuyeux.",0,0
"Film m√©diocre, j'ai failli m'endormir. üò¥",0,0
Quel g√¢chis ! Les acteurs jouent mal et l'histoire n'a aucun sens.,0,0
"Je ne recommande pas du tout, c'est une perte de temps.",0,0
"Nul, vraiment nul. Je regrette d'√™tre all√© le voir.",0,0
"Tr√®s d√©√ßu, le sc√©nario est pr√©visible et ennuyeux.",0,0
"Film m√©diocre, j'ai failli m'endormir. üò¥",0,0
Quel g√¢chis ! Les acteurs jouent mal et l'histoire n'a aucun sens.,0,0
"Je ne recommande pas du tout, c'est une perte de temps.",0,0
"Nul, vraiment nul. Je regrette d'√™tre all√© le voir.",0,0
"Tr√®s d√©√ßu, le sc√©nario est pr√©visible et ennuyeux.",0,0
"Film m√©diocre, j'ai failli m'endormir. üò¥",0,0
Quel g√¢chis ! Les acteurs jouent mal et l'histoire n'a aucun sens.,0,0
"Je ne recommande pas du tout, c'est une perte de temps.",0,0
"Nul, vraiment nul. Je regrette d'√™tre all√© le voir.",0,0
"Tr√®s d√©√ßu, le sc√©nario est pr√©visible et ennuyeux.",0,0
"Film m√©diocre, j'ai failli m'endormir. üò¥",0,0
Quel g√¢chis ! Les acteurs jouent mal et l'histoire n'a aucun sens.,0,0
"Je ne recommande pas du tout, c'est une perte de temps.",0,0
"Nul, vraiment nul. Je regrette d'√™tre all√© le voir.",0,0
"Tr√®s d√©√ßu, le sc√©nario est pr√©visible et ennuyeux.",0,0
"Film m√©diocre, j'ai failli m'endormir. üò¥",0,0
Quel g√¢chis ! Les acteurs jouent mal et l'histoire n'a aucun sens.,0,0
"Je ne recommande pas du tout, c'est une perte de temps.",0,0
"Nul, vraiment nul. Je regrette d'√™tre all√© le voir.",0,0
"Tr√®s d√©√ßu, le sc√©nario est pr√©visible et ennuyeux.",0,0
"Film m√©diocre, j'ai failli m'endormir. üò¥",0,0
Quel g√¢chis ! Les acteurs jouent mal et l'histoire n'a aucun sens.,0,0
"Je ne recommande pas du tout, c'est une perte de temps.",0,0
"Nul, vraiment nul. Je regrette d'√™tre all√© le voir.",0,0
"C'est correct, sans plus. Rien de m√©morable.",1,1
"Film moyen, certaines sc√®nes sont bonnes, d'autres moins.",1,1
"On a pass√© un moment correct, mais rien d'exceptionnel.",1,1
"Le film est regardable, mais je ne le reverrai pas.",1,1
"Pas mal dans l'ensemble, mais √ßa ne restera pas grav√©.",1,1
"C'est correct, sans plus. Rien de m√©morable.",1,1
"Film moyen, certaines sc√®nes sont bonnes, d'autres moins.",1,1
"On a pass√© un moment correct, mais rien d'exceptionnel.",1,1
"Le film est regardable, mais je ne le reverrai pas.",1,1
"Pas mal dans l'ensemble, mais √ßa ne restera pas grav√©.",1,1
"C'est correct, sans plus. Rien de m√©morable.",1,1
"Film moyen, certaines sc√®nes sont bonnes, d'autres moins.",1,1
"On a pass√© un moment correct, mais rien d'exceptionnel.",1,1
"Le film est regardable, mais je ne le reverrai pas.",1,1
"Pas mal dans l'ensemble, mais √ßa ne restera pas grav√©.",1,1
"C'est correct, sans plus. Rien de m√©morable.",1,1
"Film moyen, certaines sc√®nes sont bonnes, d'autres moins.",1,1
"On a pass√© un moment correct, mais rien d'exceptionnel.",1,1
"Le film est regardable, mais je ne le reverrai pas.",1,1
"Pas mal dans l'ensemble, mais √ßa ne restera pas grav√©.",1,1
"C'est correct, sans plus. Rien de m√©morable.",1,1
"Film moyen, certaines sc√®nes sont bonnes, d'autres moins.",1,1
"On a pass√© un moment correct, mais rien d'exceptionnel.",1,1
"Le film est regardable, mais je ne le reverrai pas.",1,1
"Pas mal dans l'ensemble, mais √ßa ne restera pas grav√©.",1,1
"C'est correct, sans plus. Rien de m√©morable.",1,1
"Film moyen, certaines sc√®nes sont bonnes, d'autres moins.",1,1
"On a pass√© un moment correct, mais rien d'exceptionnel.",1,1
"Le film est regardable, mais je ne le reverrai pas.",1,1
"Pas mal dans l'ensemble, mais √ßa ne restera pas grav√©.",1,1
"C'est correct, sans plus. Rien de m√©morable.",1,1
"Film moyen, certaines sc√®nes sont bonnes, d'autres moins.",1,1
"On a pass√© un moment correct, mais rien d'exceptionnel.",1,1
"Le film est regardable, mais je ne le reverrai pas.",1,1
"Pas mal dans l'ensemble, mais √ßa ne restera pas grav√©.",1,1
"C'est correct, sans plus. Rien de m√©morable.",1,1
"Film moyen, certaines sc√®nes sont bonnes, d'autres moins.",1,1
"On a pass√© un moment correct, mais rien d'exceptionnel.",1,1
"Le film est regardable, mais je ne le reverrai pas.",1,1
"Pas mal dans l'ensemble, mais √ßa ne restera pas grav√©.",1,1
"C'est correct, sans plus. Rien de m√©morable.",1,1
"Film moyen, certaines sc√®nes sont bonnes, d'autres moins.",1,1
"On a pass√© un moment correct, mais rien d'exceptionnel.",1,1
"Le film est regardable, mais je ne le reverrai pas.",1,1
"Pas mal dans l'ensemble, mais √ßa ne restera pas grav√©.",1,1
"C'est correct, sans plus. Rien de m√©morable.",1,1
"Film moyen, certaines sc√®nes sont bonnes, d'autres moins.",1,1
"On a pass√© un moment correct, mais rien d'exceptionnel.",1,1
"Le film est regardable, mais je ne le reverrai pas.",1,1
"Pas mal dans l'ensemble, mais √ßa ne restera pas grav√©.",1,1
"C'est correct, sans plus. Rien de m√©morable.",1,1
"Film moyen, certaines sc√®nes sont bonnes, d'autres moins.",1,1
"On a pass√© un moment correct, mais rien d'exceptionnel.",1,1
"Le film est regardable, mais je ne le reverrai pas.",1,1
"Pas mal dans l'ensemble, mais √ßa ne restera pas grav√©.",1,1
"C'est correct, sans plus. Rien de m√©morable.",1,1
"Film moyen, certaines sc√®nes sont bonnes, d'autres moins.",1,1
"On a pass√© un moment correct, mais rien d'exceptionnel.",1,1
"Le film est regardable, mais je ne le reverrai pas.",1,1
"Pas mal dans l'ensemble, mais √ßa ne restera pas grav√©.",1,1
"C'est correct, sans plus. Rien de m√©morable.",1,1
"Film moyen, certaines sc√®nes sont bonnes, d'autres moins.",1,1
"On a pass√© un moment correct, mais rien d'exceptionnel.",1,1
"Le film est regardable, mais je ne le reverrai pas.",1,1
"Pas mal dans l'ensemble, mais √ßa ne restera pas grav√©.",1,1
"C'est correct, sans plus. Rien de m√©morable.",1,1
"Film moyen, certaines sc√®nes sont bonnes, d'autres moins.",1,1
"On a pass√© un moment correct, mais rien d'exceptionnel.",1,1
"Le film est regardable, mais je ne le reverrai pas.",1,1
"Pas mal dans l'ensemble, mais √ßa ne restera pas grav√©.",1,1
"C'est correct, sans plus. Rien de m√©morable.",1,1
"Film moyen, certaines sc√®nes sont bonnes, d'autres moins.",1,1
"On a pass√© un moment correct, mais rien d'exceptionnel.",1,1
"Le film est regardable, mais je ne le reverrai pas.",1,1
"Pas mal dans l'ensemble, mais √ßa ne restera pas grav√©.",1,1
"C'est correct, sans plus. Rien de m√©morable.",1,1
"Film moyen, certaines sc√®nes sont bonnes, d'autres moins.",1,1
"On a pass√© un moment correct, mais rien d'exceptionnel.",1,1
"Le film est regardable, mais je ne le reverrai pas.",1,1
"Pas mal dans l'ensemble, mais √ßa ne restera pas grav√©.",1,1
"C'est correct, sans plus. Rien de m√©morable.",1,1
"Film moyen, certaines sc√®nes sont bonnes, d'autres moins.",1,1
"On a pass√© un moment correct, mais rien d'exceptionnel.",1,1
"Le film est regardable, mais je ne le reverrai pas.",1,1
"Pas mal dans l'ensemble, mais √ßa ne restera pas grav√©.",1,1
"C'est correct, sans plus. Rien de m√©morable.",1,1
"Film moyen, certaines sc√®nes sont bonnes, d'autres moins.",1,1
"On a pass√© un moment correct, mais rien d'exceptionnel.",1,1
"Le film est regardable, mais je ne le reverrai pas.",1,1
"Pas mal dans l'ensemble, mais √ßa ne restera pas grav√©.",1,1
"C'est correct, sans plus. Rien de m√©morable.",1,1
"Film moyen, certaines sc√®nes sont bonnes, d'autres moins.",1,1
"On a pass√© un moment correct, mais rien d'exceptionnel.",1,1
"Le film est regardable, mais je ne le reverrai pas.",1,1
"Pas mal dans l'ensemble, mais √ßa ne restera pas grav√©.",1,1
"C'est correct, sans plus. Rien de m√©morable.",1,1
"Film moyen, certaines sc√®nes sont bonnes, d'autres moins.",1,1
"On a pass√© un moment correct, mais rien d'exceptionnel.",1,1
"Le film est regardable, mais je ne le reverrai pas.",1,1
"Pas mal dans l'ensemble, mais √ßa ne restera pas grav√©.",1,1
"C'est correct, sans plus. Rien de m√©morable.",1,1
"Film moyen, certaines sc√®nes sont bonnes, d'autres moins.",1,1
"On a pass√© un moment correct, mais rien d'exceptionnel.",1,1
"Le film est regardable, mais je ne le reverrai pas.",1,1
"Pas mal dans l'ensemble, mais √ßa ne restera pas grav√©.",1,1
"C'est correct, sans plus. Rien de m√©morable.",1,1
"Film moyen, certaines sc√®nes sont bonnes, d'autres moins.",1,1
"On a pass√© un moment correct, mais rien d'exceptionnel.",1,1
"Le film est regardable, mais je ne le reverrai pas.",1,1
"Pas mal dans l'ensemble, mais √ßa ne restera pas grav√©.",1,1
"C'est correct, sans plus. Rien de m√©morable.",1,1
"Film moyen, certaines sc√®nes sont bonnes, d'autres moins.",1,1
"On a pass√© un moment correct, mais rien d'exceptionnel.",1,1
"Le film est regardable, mais je ne le reverrai pas.",1,1
"Pas mal dans l'ensemble, mais √ßa ne restera pas grav√©.",1,1
"C'est correct, sans plus. Rien de m√©morable.",1,1
"Film moyen, certaines sc√®nes sont bonnes, d'autres moins.",1,1
"On a pass√© un moment correct, mais rien d'exceptionnel.",1,1
"Le film est regardable, mais je ne le reverrai pas.",1,1
"Pas mal dans l'ensemble, mais √ßa ne restera pas grav√©.",1,1
"C'est correct, sans plus. Rien de m√©morable.",1,1
"Film moyen, certaines sc√®nes sont bonnes, d'autres moins.",1,1
"On a pass√© un moment correct, mais rien d'exceptionnel.",1,1
"Le film est regardable, mais je ne le reverrai pas.",1,1
"Pas mal dans l'ensemble, mais √ßa ne restera pas grav√©.",1,1
"C'est correct, sans plus. Rien de m√©morable.",1,1
"Film moyen, certaines sc√®nes sont bonnes, d'autres moins.",1,1
"On a pass√© un moment correct, mais rien d'exceptionnel.",1,1
"Le film est regardable, mais je ne le reverrai pas.",1,1
"Pas mal dans l'ensemble, mais √ßa ne restera pas grav√©.",1,1
"C'est correct, sans plus. Rien de m√©morable.",1,1
"Film moyen, certaines sc√®nes sont bonnes, d'autres moins.",1,1
"On a pass√© un moment correct, mais rien d'exceptionnel.",1,1
"Le film est regardable, mais je ne le reverrai pas.",1,1
"Pas mal dans l'ensemble, mais √ßa ne restera pas grav√©.",1,1
"C'est correct, sans plus. Rien de m√©morable.",1,1
"Film moyen, certaines sc√®nes sont bonnes, d'autres moins.",1,1
"On a pass√© un moment correct, mais rien d'exceptionnel.",1,1
"Le film est regardable, mais je ne le reverrai pas.",1,1
"Pas mal dans l'ensemble, mais √ßa ne restera pas grav√©.",1,1
"C'est correct, sans plus. Rien de m√©morable.",1,1
"Film moyen, certaines sc√®nes sont bonnes, d'autres moins.",1,1
"On a pass√© un moment correct, mais rien d'exceptionnel.",1,1
"Le film est regardable, mais je ne le reverrai pas.",1,1
"Pas mal dans l'ensemble, mais √ßa ne restera pas grav√©.",1,1
"C'est correct, sans plus. Rien de m√©morable.",1,1
"Film moyen, certaines sc√®nes sont bonnes, d'autres moins.",1,1
"On a pass√© un moment correct, mais rien d'exceptionnel.",1,1
"Le film est regardable, mais je ne le reverrai pas.",1,1
"Pas mal dans l'ensemble, mais √ßa ne restera pas grav√©.",1,1
"C'est correct, sans plus. Rien de m√©morable.",1,1
"Film moyen, certaines sc√®nes sont bonnes, d'autres moins.",1,1
"On a pass√© un moment correct, mais rien d'exceptionnel.",1,1
"Le film est regardable, mais je ne le reverrai pas.",1,1
"Pas mal dans l'ensemble, mais √ßa ne restera pas grav√©.",1,1
"C'est correct, sans plus. Rien de m√©morable.",1,1
"Film moyen, certaines sc√®nes sont bonnes, d'autres moins.",1,1
"On a pass√© un moment correct, mais rien d'exceptionnel.",1,1
"Le film est regardable, mais je ne le reverrai pas.",1,1
"Pas mal dans l'ensemble, mais √ßa ne restera pas grav√©.",1,1
"C'est correct, sans plus. Rien de m√©morable.",1,1
"Film moyen, certaines sc√®nes sont bonnes, d'autres moins.",1,1
"On a pass√© un moment correct, mais rien d'exceptionnel.",1,1
"Le film est regardable, mais je ne le reverrai pas.",1,1
"Pas mal dans l'ensemble, mais √ßa ne restera pas grav√©.",1,1
"C'est correct, sans plus. Rien de m√©morable.",1,1
"Film moyen, certaines sc√®nes sont bonnes, d'autres moins.",1,1
"On a pass√© un moment correct, mais rien d'exceptionnel.",1,1
"Le film est regardable, mais je ne le reverrai pas.",1,1
"Pas mal dans l'ensemble, mais √ßa ne restera pas grav√©.",1,1
"C'est correct, sans plus. Rien de m√©morable.",1,1
"Film moyen, certaines sc√®nes sont bonnes, d'autres moins.",1,1
"On a pass√© un moment correct, mais rien d'exceptionnel.",1,1
"Le film est regardable, mais je ne le reverrai pas.",1,1
"Pas mal dans l'ensemble, mais √ßa ne restera pas grav√©.",1,1
"C'est correct, sans plus. Rien de m√©morable.",1,1
"Film moyen, certaines sc√®nes sont bonnes, d'autres moins.",1,1
"On a pass√© un moment correct, mais rien d'exceptionnel.",1,1
"Le film est regardable, mais je ne le reverrai pas.",1,1
"Pas mal dans l'ensemble, mais √ßa ne restera pas grav√©.",1,1
"C'est correct, sans plus. Rien de m√©morable.",1,1
"Film moyen, certaines sc√®nes sont bonnes, d'autres moins.",1,1
"On a pass√© un moment correct, mais rien d'exceptionnel.",1,1
"Le film est regardable, mais je ne le reverrai pas.",1,1
"Pas mal dans l'ensemble, mais √ßa ne restera pas grav√©.",1,1
"C'est correct, sans plus. Rien de m√©morable.",1,1
"Film moyen, certaines sc√®nes sont bonnes, d'autres moins.",1,1
"On a pass√© un moment correct, mais rien d'exceptionnel.",1,1
"Le film est regardable, mais je ne le reverrai pas.",1,1
"Pas mal dans l'ensemble, mais √ßa ne restera pas grav√©.",1,1
"C'est correct, sans plus. Rien de m√©morable.",1,1
"Film moyen, certaines sc√®nes sont bonnes, d'autres moins.",1,1
"On a pass√© un moment correct, mais rien d'exceptionnel.",1,1
"Le film est regardable, mais je ne le reverrai pas.",1,1
"Pas mal dans l'ensemble, mais √ßa ne restera pas grav√©.",1,1
"C'est correct, sans plus. Rien de m√©morable.",1,1
"Film moyen, certaines sc√®nes sont bonnes, d'autres moins.",1,1
"On a pass√© un moment correct, mais rien d'exceptionnel.",1,1
"Le film est regardable, mais je ne le reverrai pas.",1,1
"Pas mal dans l'ensemble, mais √ßa ne restera pas grav√©.",1,1
